rosbagTimestamp,header,seq,stamp,secs,nsecs,frame_id,pose,position,x,y,z,orientation,x,y,z,w
1542723979448088338,,1,,1542723979,447540998,"""world""",,,1.39271536661,0.253227841708,1.45,,0.0,0.0,0.0,1.0
1542723979489022223,,2,,1542723979,488648891,"""world""",,,1.39305132837,0.251382310186,1.45,,0.0,0.0,0.0,1.0
1542723979536070312,,3,,1542723979,535655975,"""world""",,,1.39262742542,0.251070518167,1.45,,0.0,0.0,0.0,1.0
1542723979607239167,,4,,1542723979,606844902,"""world""",,,1.39181306301,0.251223039876,1.45,,0.0,0.0,0.0,1.0
1542723979648198799,,5,,1542723979,647794961,"""world""",,,1.39171342896,0.250254291297,1.45,,0.0,0.0,0.0,1.0
1542723979696595534,,6,,1542723979,696321010,"""world""",,,1.39088932448,0.251344638953,1.45,,0.0,0.0,0.0,1.0
1542723979762805741,,7,,1542723979,762221097,"""world""",,,1.39018660117,0.253699070982,1.45,,0.0,0.0,0.0,1.0
1542723979806754204,,8,,1542723979,805151939,"""world""",,,1.38888768938,0.258306228871,1.45,,0.0,0.0,0.0,1.0
1542723979847407084,,9,,1542723979,847013950,"""world""",,,1.38850834646,0.259037758988,1.45,,0.0,0.0,0.0,1.0
1542723979926209681,,10,,1542723979,925889015,"""world""",,,1.38795221078,0.259856547844,1.45,,0.0,0.0,0.0,1.0
1542723979948819830,,11,,1542723979,948431968,"""world""",,,1.38650012537,0.260268269711,1.45,,0.0,0.0,0.0,1.0
1542723979983091369,,12,,1542723979,982789993,"""world""",,,1.38650012537,0.260268269711,1.45,,0.0,0.0,0.0,1.0
1542723980032779698,,13,,1542723980,31594991,"""world""",,,1.38585412896,0.259968925161,1.45,,0.0,0.0,0.0,1.0
1542723980046359913,,14,,1542723980,45104980,"""world""",,,1.38470304185,0.259611999472,1.45,,0.0,0.0,0.0,1.0
1542723980100433438,,15,,1542723980,100171089,"""world""",,,1.38333976757,0.258985451601,1.45,,0.0,0.0,0.0,1.0
1542723980138788955,,16,,1542723980,138540029,"""world""",,,1.38333976757,0.258985451601,1.45,,0.0,0.0,0.0,1.0
1542723980187051026,,17,,1542723980,186726093,"""world""",,,1.38279655324,0.25847129024,1.45,,0.0,0.0,0.0,1.0
1542723980253907017,,18,,1542723980,253581047,"""world""",,,1.38120873037,0.257847076073,1.45,,0.0,0.0,0.0,1.0
1542723980296362383,,19,,1542723980,295861005,"""world""",,,1.37442793515,0.254905772113,1.45,,0.0,0.0,0.0,1.0
1542723980360731216,,20,,1542723980,345979928,"""world""",,,1.37442793515,0.254905772113,1.45,,0.0,0.0,0.0,1.0
1542723980426118830,,21,,1542723980,425163030,"""world""",,,1.34897289147,0.249142556097,1.45,,0.0,0.0,0.0,1.0
1542723980473509740,,22,,1542723980,472878932,"""world""",,,1.33819265771,0.247341810679,1.45,,0.0,0.0,0.0,1.0
1542723980527134328,,23,,1542723980,526849985,"""world""",,,1.32136516249,0.244247912137,1.45,,0.0,0.0,0.0,1.0
1542723980550806518,,24,,1542723980,550507068,"""world""",,,1.29610138,0.239083585068,1.45,,0.0,0.0,0.0,1.0
1542723980586975848,,25,,1542723980,586481094,"""world""",,,1.29610138,0.239083585068,1.45,,0.0,0.0,0.0,1.0
1542723980598695851,,26,,1542723980,598361015,"""world""",,,1.28346479898,0.235915304254,1.45,,0.0,0.0,0.0,1.0
1542723980670252243,,27,,1542723980,669966936,"""world""",,,1.2641581649,0.230479148564,1.45,,0.0,0.0,0.0,1.0
1542723980685253347,,28,,1542723980,684278011,"""world""",,,1.23952405468,0.221886401934,1.45,,0.0,0.0,0.0,1.0
1542723980696970289,,29,,1542723980,696633100,"""world""",,,1.23952405468,0.221886401934,1.45,,0.0,0.0,0.0,1.0
1542723980717320003,,30,,1542723980,717087030,"""world""",,,1.23952405468,0.221886401934,1.45,,0.0,0.0,0.0,1.0
1542723980733901898,,31,,1542723980,733467102,"""world""",,,1.22725159474,0.217320697545,1.45,,0.0,0.0,0.0,1.0
1542723980746939493,,32,,1542723980,746573925,"""world""",,,1.22725159474,0.217320697545,1.45,,0.0,0.0,0.0,1.0
1542723980788688691,,33,,1542723980,788273096,"""world""",,,1.22725159474,0.217320697545,1.45,,0.0,0.0,0.0,1.0
1542723980832189258,,34,,1542723980,831902027,"""world""",,,1.20974701928,0.209454856434,1.45,,0.0,0.0,0.0,1.0
1542723980893265714,,35,,1542723980,892887115,"""world""",,,1.19460983366,0.200560641652,1.45,,0.0,0.0,0.0,1.0
1542723980932103104,,36,,1542723980,931787967,"""world""",,,1.17562084627,0.185991933175,1.45,,0.0,0.0,0.0,1.0
1542723980979281115,,37,,1542723980,978677988,"""world""",,,1.16742391611,0.177084257347,1.45,,0.0,0.0,0.0,1.0
1542723981031159305,,38,,1542723981,30827999,"""world""",,,1.15568179807,0.161998781548,1.45,,0.0,0.0,0.0,1.0
1542723981054314611,,39,,1542723981,53756952,"""world""",,,1.14111040534,0.13740574156,1.45,,0.0,0.0,0.0,1.0
1542723981096835249,,40,,1542723981,96529006,"""world""",,,1.14111040534,0.13740574156,1.45,,0.0,0.0,0.0,1.0
1542723981175798654,,41,,1542723981,145328998,"""world""",,,1.13353224117,0.122051425643,1.45,,0.0,0.0,0.0,1.0
1542723981202647846,,42,,1542723981,202049970,"""world""",,,1.11626427894,0.0561779314973,1.45,,0.0,0.0,0.0,1.0
1542723981244345633,,43,,1542723981,243788957,"""world""",,,1.11626427894,0.0561779314973,1.45,,0.0,0.0,0.0,1.0
1542723981285855597,,44,,1542723981,285521984,"""world""",,,1.11273662236,0.0365296582893,1.45,,0.0,0.0,0.0,1.0
1542723981346074187,,45,,1542723981,345554113,"""world""",,,1.10557108632,0.0106163997069,1.45,,0.0,0.0,0.0,1.0
1542723981384239109,,46,,1542723981,383958101,"""world""",,,1.08924251143,-0.0182833884914,1.45,,0.0,0.0,0.0,1.0
1542723981431641998,,47,,1542723981,431243896,"""world""",,,1.07899689839,-0.0300018080417,1.45,,0.0,0.0,0.0,1.0
1542723981477075582,,48,,1542723981,476754903,"""world""",,,1.06321595098,-0.0455727899971,1.45,,0.0,0.0,0.0,1.0
1542723981530562216,,49,,1542723981,530103921,"""world""",,,1.04755043263,-0.0590570637371,1.45,,0.0,0.0,0.0,1.0
1542723981547007660,,50,,1542723981,546684980,"""world""",,,1.02604621939,-0.072670368241,1.45,,0.0,0.0,0.0,1.0
1542723981593469197,,51,,1542723981,593049049,"""world""",,,1.02604621939,-0.072670368241,1.45,,0.0,0.0,0.0,1.0
1542723981637984358,,52,,1542723981,637720108,"""world""",,,1.0148594235,-0.078367644883,1.45,,0.0,0.0,0.0,1.0
1542723981686780230,,53,,1542723981,685756921,"""world""",,,1.00380310856,-0.0833952330231,1.45,,0.0,0.0,0.0,1.0
1542723981762423599,,54,,1542723981,761866092,"""world""",,,0.971972422068,-0.092692371886,1.45,,0.0,0.0,0.0,1.0
1542723981814492786,,55,,1542723981,814155101,"""world""",,,0.955072461209,-0.0941807289836,1.45,,0.0,0.0,0.0,1.0
1542723981845007780,,56,,1542723981,844676017,"""world""",,,0.930523641933,-0.0920738820632,1.45,,0.0,0.0,0.0,1.0
1542723981881073845,,57,,1542723981,880758047,"""world""",,,0.917387794991,-0.0892570142982,1.45,,0.0,0.0,0.0,1.0
1542723981950769246,,58,,1542723981,925282955,"""world""",,,0.903216575592,-0.0850670622576,1.45,,0.0,0.0,0.0,1.0
1542723981996268666,,59,,1542723981,995978116,"""world""",,,0.880836501663,-0.0788475894158,1.45,,0.0,0.0,0.0,1.0
1542723982058145765,,60,,1542723982,57528972,"""world""",,,0.856598710132,-0.0726871087717,1.45,,0.0,0.0,0.0,1.0
1542723982097622879,,61,,1542723982,97342014,"""world""",,,0.822627552681,-0.06864429357,1.45,,0.0,0.0,0.0,1.0
1542723982119569911,,62,,1542723982,118999004,"""world""",,,0.805669007624,-0.0682840653814,1.45,,0.0,0.0,0.0,1.0
1542723982195774642,,63,,1542723982,195162057,"""world""",,,0.77976487127,-0.0699311387195,1.45,,0.0,0.0,0.0,1.0
1542723982219317915,,64,,1542723982,219019889,"""world""",,,0.747880915434,-0.07637721433,1.45,,0.0,0.0,0.0,1.0
1542723982258295997,,65,,1542723982,257850885,"""world""",,,0.747880915434,-0.07637721433,1.45,,0.0,0.0,0.0,1.0
1542723982307571065,,66,,1542723982,307286977,"""world""",,,0.733833902053,-0.0809687974959,1.45,,0.0,0.0,0.0,1.0
1542723982369528912,,67,,1542723982,369021892,"""world""",,,0.713750447006,-0.0890720534703,1.45,,0.0,0.0,0.0,1.0
1542723982416744173,,68,,1542723982,415509939,"""world""",,,0.688135689789,-0.101983002849,1.45,,0.0,0.0,0.0,1.0
1542723982462003019,,69,,1542723982,461644887,"""world""",,,0.675311425377,-0.109098204598,1.45,,0.0,0.0,0.0,1.0
1542723982526797567,,70,,1542723982,525513887,"""world""",,,0.65644193617,-0.120912720257,1.45,,0.0,0.0,0.0,1.0
1542723982595351312,,71,,1542723982,579960107,"""world""",,,0.61590241557,-0.145521929417,1.45,,0.0,0.0,0.0,1.0
1542723982647730213,,72,,1542723982,646995067,"""world""",,,0.595471657564,-0.160134517401,1.45,,0.0,0.0,0.0,1.0
1542723982669028330,,73,,1542723982,668643951,"""world""",,,0.56756336962,-0.181650417047,1.45,,0.0,0.0,0.0,1.0
1542723982707692808,,74,,1542723982,707391023,"""world""",,,0.56756336962,-0.181650417047,1.45,,0.0,0.0,0.0,1.0
1542723982757056153,,75,,1542723982,756772041,"""world""",,,0.552861433985,-0.19242563326,1.45,,0.0,0.0,0.0,1.0
1542723982802092016,,76,,1542723982,801708936,"""world""",,,0.529758948761,-0.207863296054,1.45,,0.0,0.0,0.0,1.0
1542723982855743998,,77,,1542723982,855407953,"""world""",,,0.505703241462,-0.222243271544,1.45,,0.0,0.0,0.0,1.0
1542723982890534530,,78,,1542723982,890198945,"""world""",,,0.472070275446,-0.239767904204,1.45,,0.0,0.0,0.0,1.0
1542723982912460296,,79,,1542723982,912066936,"""world""",,,0.455120195094,-0.247726075055,1.45,,0.0,0.0,0.0,1.0
1542723982959792241,,80,,1542723982,959383964,"""world""",,,0.455120195094,-0.247726075055,1.45,,0.0,0.0,0.0,1.0
1542723983021612484,,81,,1542723983,21115064,"""world""",,,0.413472419639,-0.264850615849,1.45,,0.0,0.0,0.0,1.0
1542723983066104882,,82,,1542723983,65855026,"""world""",,,0.396923366013,-0.269167213986,1.45,,0.0,0.0,0.0,1.0
1542723983148738696,,83,,1542723983,148407936,"""world""",,,0.352962672706,-0.264314043268,1.45,,0.0,0.0,0.0,1.0
1542723983168571452,,84,,1542723983,168356895,"""world""",,,0.317199811559,-0.250151726977,1.45,,0.0,0.0,0.0,1.0
1542723983209917571,,85,,1542723983,209430932,"""world""",,,0.317199811559,-0.250151726977,1.45,,0.0,0.0,0.0,1.0
1542723983260838200,,86,,1542723983,260257959,"""world""",,,0.299981262394,-0.242535258994,1.45,,0.0,0.0,0.0,1.0
1542723983320932072,,87,,1542723983,320566892,"""world""",,,0.245043985948,-0.2235834665,1.45,,0.0,0.0,0.0,1.0
1542723983364226955,,88,,1542723983,363766908,"""world""",,,0.230858143292,-0.220274674512,1.45,,0.0,0.0,0.0,1.0
1542723983407355468,,89,,1542723983,406831979,"""world""",,,0.217163731856,-0.218132280145,1.45,,0.0,0.0,0.0,1.0
1542723983481849350,,90,,1542723983,481355905,"""world""",,,0.196513489364,-0.215844957607,1.45,,0.0,0.0,0.0,1.0
1542723983533580357,,91,,1542723983,533200979,"""world""",,,0.17514681885,-0.215236634162,1.45,,0.0,0.0,0.0,1.0
1542723983591710837,,92,,1542723983,591125011,"""world""",,,0.153734010818,-0.216036053426,1.45,,0.0,0.0,0.0,1.0
1542723983632915837,,93,,1542723983,632581949,"""world""",,,0.123369998021,-0.219249099418,1.45,,0.0,0.0,0.0,1.0
1542723983682169354,,94,,1542723983,681874990,"""world""",,,0.107229493901,-0.222612001655,1.45,,0.0,0.0,0.0,1.0
1542723983729179390,,95,,1542723983,728861093,"""world""",,,0.0814251299493,-0.231214436585,1.45,,0.0,0.0,0.0,1.0
1542723983793863960,,96,,1542723983,793391942,"""world""",,,0.0534962370792,-0.243715320041,1.45,,0.0,0.0,0.0,1.0
1542723983839954446,,97,,1542723983,839459896,"""world""",,,0.0132645111739,-0.264359547743,1.45,,0.0,0.0,0.0,1.0
1542723983882053508,,98,,1542723983,881333112,"""world""",,,-0.00766292996501,-0.274309437098,1.45,,0.0,0.0,0.0,1.0
1542723983935207906,,99,,1542723983,934272050,"""world""",,,-0.0286188043505,-0.283353428572,1.45,,0.0,0.0,0.0,1.0
1542723984009555297,,100,,1542723984,8985042,"""world""",,,-0.0922107429912,-0.304521198867,1.45,,0.0,0.0,0.0,1.0
1542723984066208748,,101,,1542723984,56492090,"""world""",,,-0.123479969721,-0.315728689986,1.45,,0.0,0.0,0.0,1.0
1542723984084925215,,102,,1542723984,84619998,"""world""",,,-0.165247588089,-0.329657820169,1.45,,0.0,0.0,0.0,1.0
1542723984122211754,,103,,1542723984,121690988,"""world""",,,-0.165247588089,-0.329657820169,1.45,,0.0,0.0,0.0,1.0
1542723984170918666,,104,,1542723984,170355081,"""world""",,,-0.18575179413,-0.33527321324,1.45,,0.0,0.0,0.0,1.0
1542723984233391040,,105,,1542723984,232707977,"""world""",,,-0.214774329303,-0.341457559184,1.45,,0.0,0.0,0.0,1.0
1542723984276359773,,106,,1542723984,275839090,"""world""",,,-0.250492096057,-0.345261247848,1.45,,0.0,0.0,0.0,1.0
1542723984323586779,,107,,1542723984,323169946,"""world""",,,-0.268979404431,-0.347740651911,1.45,,0.0,0.0,0.0,1.0
1542723984371600277,,108,,1542723984,370950937,"""world""",,,-0.297661097888,-0.352239741402,1.45,,0.0,0.0,0.0,1.0
1542723984428627441,,109,,1542723984,428268909,"""world""",,,-0.355928824567,-0.364378097245,1.45,,0.0,0.0,0.0,1.0
1542723984465033828,,110,,1542723984,464711904,"""world""",,,-0.364777976225,-0.367988917675,1.45,,0.0,0.0,0.0,1.0
1542723984484607640,,111,,1542723984,484230995,"""world""",,,-0.381793703461,-0.377849849139,1.45,,0.0,0.0,0.0,1.0
1542723984570787193,,112,,1542723984,570426940,"""world""",,,-0.406500650447,-0.399557675716,1.45,,0.0,0.0,0.0,1.0
1542723984613316766,,113,,1542723984,612653970,"""world""",,,-0.434926714462,-0.440503004802,1.45,,0.0,0.0,0.0,1.0
1542723984631510553,,114,,1542723984,631200075,"""world""",,,-0.447622013026,-0.464896856234,1.45,,0.0,0.0,0.0,1.0
1542723984672855794,,115,,1542723984,672465085,"""world""",,,-0.454081174933,-0.463697162244,1.45,,0.0,0.0,0.0,1.0
1542723984751820620,,116,,1542723984,751506090,"""world""",,,-0.454076420727,-0.463669508912,1.45,,0.0,0.0,0.0,1.0
1542723984766255865,,117,,1542723984,765815019,"""world""",,,-0.498760553429,-0.459689797593,1.45,,0.0,0.0,0.0,1.0
1542723984823513486,,118,,1542723984,823103904,"""world""",,,-0.582244268306,-0.472324506115,1.45,,0.0,0.0,0.0,1.0
1542723984861729916,,119,,1542723984,861277103,"""world""",,,-0.582238416182,-0.47233584152,1.45,,0.0,0.0,0.0,1.0
1542723984910494657,,120,,1542723984,910162925,"""world""",,,-0.639047726919,-0.497914089719,1.45,,0.0,0.0,0.0,1.0
1542723984987510216,,121,,1542723984,987093925,"""world""",,,-0.71738363783,-0.568788261892,1.45,,0.0,0.0,0.0,1.0
1542723985015224209,,122,,1542723985,15031099,"""world""",,,-0.77007421285,-0.713972052776,1.45,,0.0,0.0,0.0,1.0
1542723985057638567,,123,,1542723985,57015895,"""world""",,,-0.770075011608,-0.714009310345,1.45,,0.0,0.0,0.0,1.0
1542723985107023115,,124,,1542723985,106718063,"""world""",,,-0.770516683161,-0.726830840036,1.45,,0.0,0.0,0.0,1.0
1542723985157931993,,125,,1542723985,157565116,"""world""",,,-0.769561343031,-0.706743821129,1.45,,0.0,0.0,0.0,1.0
1542723985194181891,,126,,1542723985,193106889,"""world""",,,-0.769561343031,-0.706743821129,1.45,,0.0,0.0,0.0,1.0
1542723985216958462,,127,,1542723985,216490030,"""world""",,,-0.768165621249,-0.693808593139,1.45,,0.0,0.0,0.0,1.0
1542723985296576376,,128,,1542723985,296271085,"""world""",,,-0.794232915156,-0.672317252633,1.45,,0.0,0.0,0.0,1.0
1542723985320747264,,129,,1542723985,320375919,"""world""",,,-0.840981948896,-0.639020987713,1.45,,0.0,0.0,0.0,1.0
1542723985363876635,,130,,1542723985,363559007,"""world""",,,-0.860723324703,-0.625447121363,1.45,,0.0,0.0,0.0,1.0
1542723985408917752,,131,,1542723985,408636093,"""world""",,,-0.877976631645,-0.615004245352,1.45,,0.0,0.0,0.0,1.0
1542723985485174324,,132,,1542723985,484667062,"""world""",,,-0.900679853488,-0.604399854937,1.45,,0.0,0.0,0.0,1.0
1542723985532916958,,133,,1542723985,532589912,"""world""",,,-0.921497196334,-0.599109605839,1.45,,0.0,0.0,0.0,1.0
1542723985589790548,,134,,1542723985,589337110,"""world""",,,-0.940457053927,-0.593632422642,1.45,,0.0,0.0,0.0,1.0
1542723985633179209,,135,,1542723985,632425069,"""world""",,,-0.965823366221,-0.578265025108,1.45,,0.0,0.0,0.0,1.0
1542723985678156227,,136,,1542723985,677649021,"""world""",,,-0.979271520348,-0.565238725201,1.45,,0.0,0.0,0.0,1.0
1542723985730755414,,137,,1542723985,730190038,"""world""",,,-0.999922269982,-0.545633066533,1.45,,0.0,0.0,0.0,1.0
1542723985752438310,,138,,1542723985,752027988,"""world""",,,-1.02340935019,-0.525898290477,1.45,,0.0,0.0,0.0,1.0
1542723985792534482,,139,,1542723985,792223930,"""world""",,,-1.03309661262,-0.52033861586,1.45,,0.0,0.0,0.0,1.0
1542723985829854108,,140,,1542723985,829082012,"""world""",,,-1.03309661262,-0.52033861586,1.45,,0.0,0.0,0.0,1.0
1542723985873941471,,141,,1542723985,873651981,"""world""",,,-1.04156374878,-0.51502484234,1.45,,0.0,0.0,0.0,1.0
1542723985921417842,,142,,1542723985,920831918,"""world""",,,-1.05387669809,-0.505925864323,1.45,,0.0,0.0,0.0,1.0
1542723985982888632,,143,,1542723985,982074022,"""world""",,,-1.06710362157,-0.495181690594,1.45,,0.0,0.0,0.0,1.0
1542723986023889998,,144,,1542723986,23591041,"""world""",,,-1.08382597251,-0.475450046088,1.45,,0.0,0.0,0.0,1.0
1542723986072359186,,145,,1542723986,71793079,"""world""",,,-1.09035895405,-0.463654500616,1.45,,0.0,0.0,0.0,1.0
1542723986134870833,,146,,1542723986,134489059,"""world""",,,-1.1001956663,-0.443494979412,1.45,,0.0,0.0,0.0,1.0
1542723986180116164,,147,,1542723986,179440021,"""world""",,,-1.11854629727,-0.402498276272,1.45,,0.0,0.0,0.0,1.0
1542723986259356673,,148,,1542723986,254259109,"""world""",,,-1.12439251419,-0.382479278296,1.45,,0.0,0.0,0.0,1.0
1542723986274666142,,149,,1542723986,274260044,"""world""",,,-1.13159240633,-0.355270822731,1.45,,0.0,0.0,0.0,1.0
1542723986288882909,,150,,1542723986,288589954,"""world""",,,-1.13159240633,-0.355270822731,1.45,,0.0,0.0,0.0,1.0
1542723986321200736,,151,,1542723986,320575952,"""world""",,,-1.13554756643,-0.340808685163,1.45,,0.0,0.0,0.0,1.0
1542723986358661182,,152,,1542723986,358329057,"""world""",,,-1.13554756643,-0.340808685163,1.45,,0.0,0.0,0.0,1.0
1542723986371791942,,153,,1542723986,371505975,"""world""",,,-1.14490101441,-0.336140587075,1.45,,0.0,0.0,0.0,1.0
1542723986413206713,,154,,1542723986,412853956,"""world""",,,-1.1449017894,-0.336134428608,1.45,,0.0,0.0,0.0,1.0
1542723986435439643,,155,,1542723986,434873104,"""world""",,,-1.16161887906,-0.333805468084,1.45,,0.0,0.0,0.0,1.0
1542723986475009476,,156,,1542723986,474512100,"""world""",,,-1.16161893115,-0.33381943167,1.45,,0.0,0.0,0.0,1.0
1542723986523976886,,157,,1542723986,523396968,"""world""",,,-1.17102733252,-0.332073299905,1.45,,0.0,0.0,0.0,1.0
1542723986580047044,,158,,1542723986,579688072,"""world""",,,-1.18698112193,-0.32825471271,1.45,,0.0,0.0,0.0,1.0
1542723986624926244,,159,,1542723986,624483108,"""world""",,,-1.21120154038,-0.320425864085,1.45,,0.0,0.0,0.0,1.0
1542723986708071402,,160,,1542723986,707556009,"""world""",,,-1.22372227947,-0.315372533824,1.45,,0.0,0.0,0.0,1.0
1542723986729264718,,161,,1542723986,728750944,"""world""",,,-1.27315168721,-0.287300118684,1.45,,0.0,0.0,0.0,1.0
1542723986771615519,,162,,1542723986,771342039,"""world""",,,-1.27317800964,-0.287307811816,1.45,,0.0,0.0,0.0,1.0
1542723986820459220,,163,,1542723986,820183038,"""world""",,,-1.28757173368,-0.276375892093,1.45,,0.0,0.0,0.0,1.0
1542723986863929408,,164,,1542723986,863590955,"""world""",,,-1.30664891476,-0.259120887729,1.45,,0.0,0.0,0.0,1.0
1542723986915240290,,165,,1542723986,915066957,"""world""",,,-1.32317369077,-0.240962005692,1.45,,0.0,0.0,0.0,1.0
1542723986930568673,,166,,1542723986,930128097,"""world""",,,-1.34085217848,-0.217291427976,1.45,,0.0,0.0,0.0,1.0
1542723986970667881,,167,,1542723986,970211982,"""world""",,,-1.34092372712,-0.217288939089,1.45,,0.0,0.0,0.0,1.0
1542723987017755632,,168,,1542723987,17258882,"""world""",,,-1.34765227887,-0.206645622471,1.45,,0.0,0.0,0.0,1.0
1542723987065823838,,169,,1542723987,65283060,"""world""",,,-1.35448630544,-0.19459739542,1.45,,0.0,0.0,0.0,1.0
1542723987125056664,,170,,1542723987,124804973,"""world""",,,-1.35899300919,-0.185704804309,1.45,,0.0,0.0,0.0,1.0
1542723987168216758,,171,,1542723987,167927026,"""world""",,,-1.36351071896,-0.175869133003,1.45,,0.0,0.0,0.0,1.0
1542723987216849818,,172,,1542723987,216116905,"""world""",,,-1.36505520282,-0.172263959894,1.45,,0.0,0.0,0.0,1.0
1542723987262982130,,173,,1542723987,262556076,"""world""",,,-1.36661883595,-0.168532967688,1.45,,0.0,0.0,0.0,1.0
1542723987278844480,,174,,1542723987,278374910,"""world""",,,-1.36749369478,-0.166217047572,1.45,,0.0,0.0,0.0,1.0
1542723987332036519,,175,,1542723987,331449031,"""world""",,,-1.37791657825,-0.16607752758,1.45,,0.0,0.0,0.0,1.0
1542723987374933239,,176,,1542723987,374407052,"""world""",,,-1.37791657825,-0.16607752758,1.45,,0.0,0.0,0.0,1.0
1542723987423011232,,177,,1542723987,422472953,"""world""",,,-1.39615929891,-0.170392758335,1.45,,0.0,0.0,0.0,1.0
1542723987484390937,,178,,1542723987,483928918,"""world""",,,-1.42393097796,-0.176115228345,1.45,,0.0,0.0,0.0,1.0
1542723987528525878,,179,,1542723987,528209924,"""world""",,,-1.46149139556,-0.180849679835,1.45,,0.0,0.0,0.0,1.0
1542723987584895776,,180,,1542723987,584198951,"""world""",,,-1.48857556426,-0.183116161706,1.45,,0.0,0.0,0.0,1.0
1542723987605182339,,181,,1542723987,604804992,"""world""",,,-1.52329184699,-0.183472726928,1.45,,0.0,0.0,0.0,1.0
1542723987645720884,,182,,1542723987,645271062,"""world""",,,-1.53978826765,-0.183137403434,1.45,,0.0,0.0,0.0,1.0
1542723987692051719,,183,,1542723987,691570997,"""world""",,,-1.53978826765,-0.183137403434,1.45,,0.0,0.0,0.0,1.0
1542723987735385293,,184,,1542723987,735091924,"""world""",,,-1.58370338509,-0.182426972369,1.45,,0.0,0.0,0.0,1.0
1542723987775739844,,185,,1542723987,775314092,"""world""",,,-1.58370338509,-0.182426972369,1.45,,0.0,0.0,0.0,1.0
1542723987798603572,,186,,1542723987,797940015,"""world""",,,-1.59223963286,-0.182813643866,1.45,,0.0,0.0,0.0,1.0
1542723987847379865,,187,,1542723987,845273017,"""world""",,,-1.60046927679,-0.18476899805,1.45,,0.0,0.0,0.0,1.0
1542723987897101133,,188,,1542723987,896830081,"""world""",,,-1.60872571851,-0.187569195004,1.45,,0.0,0.0,0.0,1.0
1542723987940780457,,189,,1542723987,940273046,"""world""",,,-1.60872571851,-0.187569195004,1.45,,0.0,0.0,0.0,1.0
1542723987982641999,,190,,1542723987,982170104,"""world""",,,-1.60915189613,-0.18836903173,1.45,,0.0,0.0,0.0,1.0
1542723988028978700,,191,,1542723988,28640031,"""world""",,,-1.60636507069,-0.189346817722,1.45,,0.0,0.0,0.0,1.0
1542723988065196107,,192,,1542723988,64959049,"""world""",,,-1.60192544353,-0.192099600668,1.45,,0.0,0.0,0.0,1.0
1542723988076012958,,193,,1542723988,75804948,"""world""",,,-1.59905696791,-0.193315319702,1.45,,0.0,0.0,0.0,1.0
1542723988128867862,,194,,1542723988,128376007,"""world""",,,-1.59880174585,-0.193925865954,1.45,,0.0,0.0,0.0,1.0
1542723988163389123,,195,,1542723988,162830114,"""world""",,,-1.59880174585,-0.193925865954,1.45,,0.0,0.0,0.0,1.0
1542723988211111616,,196,,1542723988,194272994,"""world""",,,-1.59970861342,-0.195033353202,1.45,,0.0,0.0,0.0,1.0
1542723988263648156,,197,,1542723988,263302087,"""world""",,,-1.60134152295,-0.196809111782,1.45,,0.0,0.0,0.0,1.0
1542723988288434819,,198,,1542723988,288124084,"""world""",,,-1.60369199258,-0.199792960954,1.45,,0.0,0.0,0.0,1.0
1542723988332911885,,199,,1542723988,332561969,"""world""",,,-1.60369199258,-0.199792960954,1.45,,0.0,0.0,0.0,1.0
1542723988393952685,,200,,1542723988,386291027,"""world""",,,-1.60667933604,-0.203711277845,1.45,,0.0,0.0,0.0,1.0
1542723988472950798,,201,,1542723988,472598075,"""world""",,,-1.6075074343,-0.206067017917,1.45,,0.0,0.0,0.0,1.0
1542723988516447008,,202,,1542723988,515172958,"""world""",,,-1.60768694654,-0.207937875396,1.45,,0.0,0.0,0.0,1.0
1542723988535729421,,203,,1542723988,535249948,"""world""",,,-1.60756803758,-0.208796862031,1.45,,0.0,0.0,0.0,1.0
1542723988618364622,,204,,1542723988,617990970,"""world""",,,-1.60752726538,-0.211144470836,1.45,,0.0,0.0,0.0,1.0
1542723988657519605,,205,,1542723988,657156944,"""world""",,,-1.60747648296,-0.214621692909,1.45,,0.0,0.0,0.0,1.0
1542723988679746955,,206,,1542723988,679225921,"""world""",,,-1.60769355571,-0.216879947778,1.45,,0.0,0.0,0.0,1.0
1542723988744111718,,207,,1542723988,730539083,"""world""",,,-1.60769355571,-0.216879947778,1.45,,0.0,0.0,0.0,1.0
1542723988787913905,,208,,1542723988,787604093,"""world""",,,-1.60702595343,-0.226634095769,1.45,,0.0,0.0,0.0,1.0
1542723988829474212,,209,,1542723988,828789949,"""world""",,,-1.605357667,-0.229478752751,1.45,,0.0,0.0,0.0,1.0
1542723988895438056,,210,,1542723988,893537998,"""world""",,,-1.605357667,-0.229478752751,1.45,,0.0,0.0,0.0,1.0
1542723988937598561,,211,,1542723988,937258005,"""world""",,,-1.60462472603,-0.228987658723,1.45,,0.0,0.0,0.0,1.0
1542723988980554872,,212,,1542723988,979892015,"""world""",,,-1.60462472603,-0.228987658723,1.45,,0.0,0.0,0.0,1.0
1542723989033076642,,213,,1542723989,32583951,"""world""",,,-1.60487341385,-0.227916446697,1.45,,0.0,0.0,0.0,1.0
1542723989116691617,,214,,1542723989,107364892,"""world""",,,-1.60353920525,-0.226322516999,1.45,,0.0,0.0,0.0,1.0
1542723989139455639,,215,,1542723989,138923883,"""world""",,,-1.60258583271,-0.226527274973,1.45,,0.0,0.0,0.0,1.0
1542723989180776382,,216,,1542723989,180249929,"""world""",,,-1.60261114197,-0.224636935617,1.45,,0.0,0.0,0.0,1.0
1542723989251254239,,217,,1542723989,249870061,"""world""",,,-1.60261114197,-0.224636935617,1.45,,0.0,0.0,0.0,1.0
1542723989288001272,,218,,1542723989,287693977,"""world""",,,-1.60585261529,-0.21715125713,1.45,,0.0,0.0,0.0,1.0
1542723989329565595,,219,,1542723989,329004049,"""world""",,,-1.60662613253,-0.215475727849,1.45,,0.0,0.0,0.0,1.0
1542723989374452138,,220,,1542723989,374061107,"""world""",,,-1.6069139951,-0.21377333858,1.45,,0.0,0.0,0.0,1.0
1542723989429975240,,221,,1542723989,429333925,"""world""",,,-1.60747115576,-0.212865725092,1.45,,0.0,0.0,0.0,1.0
1542723989476643589,,222,,1542723989,476325988,"""world""",,,-1.60812836025,-0.21193240977,1.45,,0.0,0.0,0.0,1.0
1542723989530278730,,223,,1542723989,529905080,"""world""",,,-1.60920293872,-0.210586558049,1.45,,0.0,0.0,0.0,1.0
1542723989577699338,,224,,1542723989,577218055,"""world""",,,-1.61790917082,-0.205280886325,1.45,,0.0,0.0,0.0,1.0
1542723989667926069,,225,,1542723989,666449069,"""world""",,,-1.62057027374,-0.20424670166,1.45,,0.0,0.0,0.0,1.0
1542723989692191862,,226,,1542723989,691589117,"""world""",,,-1.64481668307,-0.197739228438,1.45,,0.0,0.0,0.0,1.0
1542723989736246352,,227,,1542723989,735873937,"""world""",,,-1.6562255033,-0.196086077258,1.45,,0.0,0.0,0.0,1.0
1542723989813383065,,228,,1542723989,806261062,"""world""",,,-1.67498425664,-0.194496666474,1.45,,0.0,0.0,0.0,1.0
1542723989864631394,,229,,1542723989,864319086,"""world""",,,-1.7,-0.193593018269,1.45,,0.0,0.0,0.0,1.0
